{"cameraMode":{"drawMode":0,"name":"Shaded","section":"Shading Mode"},"sceneLighting":false,"audioPlay":false,"sceneViewState":{"showFog":true,"showMaterialUpdate":true,"showSkybox":false,"showFlares":true,"showImageEffects":true,"showParticleSystems":true},"in2DMode":false,"pivot":{"x":0.103912353515625,"y":6.123650550842285,"z":-1.1162605285644532},"rotation":{"x":0.37050560116767886,"y":0.03342290595173836,"z":-0.013343189842998982,"w":0.9281380772590637},"size":132.46568298339845,"orthographic":false}